{"epoch": 1, "average_training_loss": 1.0125083211432384, "validation_loss": 1.038411962263512, "validation_auc": 0.5579306026570545, "validation_accuracy": 0.9105882352941177, "per_class_validation_auc": {"Atelectasis": 0.5382346758805278, "Cardiomegaly": 0.49944590542788553, "Effusion": 0.5287350819638028, "Infiltration": 0.5564647322850407, "Mass": 0.5367586251792462, "Nodule": 0.5176911915304843, "Pneumonia": 0.5543989931623188, "Pneumothorax": 0.55925000125492, "Consolidation": 0.5738715686041344, "Edema": 0.677340111055311, "Emphysema": 0.5126357998289136, "Fibrosis": 0.5961051951109428, "Pleural_Thickening": 0.550135164865706, "Hernia": 0.63542959654257, "No Finding": 0.532462397164016}, "learning_rate": 0.001, "epoch_duration_seconds": 13149.509439945221, "total_elapsed_time_seconds": 13151.291723012924}
{"epoch": 2, "average_training_loss": 1.02274083772303, "validation_loss": 1.0321516779229816, "validation_auc": 0.5568721997120841, "validation_accuracy": 0.9099154353684602, "per_class_validation_auc": {"Atelectasis": 0.538181554162601, "Cardiomegaly": 0.5061485820159579, "Effusion": 0.528452432367393, "Infiltration": 0.5521535033794411, "Mass": 0.5320034194278137, "Nodule": 0.5259043140874933, "Pneumonia": 0.5262137346292096, "Pneumothorax": 0.5552343967432316, "Consolidation": 0.5821075011207909, "Edema": 0.6656179861525975, "Emphysema": 0.530318006843456, "Fibrosis": 0.596539194097267, "Pleural_Thickening": 0.5352679843420063, "Hernia": 0.6447187214032672, "No Finding": 0.5342216649087375}, "learning_rate": 0.001, "epoch_duration_seconds": 13096.30120921135, "total_elapsed_time_seconds": 26247.652849912643}
