{"epoch": 1, "loss": 0.8588454723358154, "val_auc": 0.5918730200529432, "lr": 0.001}
