{"epoch": 1, "loss": 387.0215148925781, "val_auc": 0.48547345787700874, "lr": 0.001}
